{"SortArray":[100,101,103,105,105,106,108,108,108,109,109,110,110,111,111,112,113,115,119,120,121,122,124,124,125,127,129,129,130,131,131,133,134,134,135,136,138,141,142,146,149,149,149,151,152,153,154,155,156,156,157,158,158,159,162,162,164,165,165,166,168,168,168,169,170,172,174,176,176,177,178,180,180,183,183,184,184,187,188,193,195,198,199,199,201,201,202,202,203,205,206,208,209,210,212,216,221,225,228,228,230,230,230,233,233,235,236,237,240,241,241,242,242,243,243,244,244,244,245,246,247,251,252,252,258,259,259,261,262,263,263,269,270,270,274,274,275,276,278,278,278,279,281,283,284,284,286,287,288,288,293,293,294,297,298,298,300,302,303,306,308,310,310,312,312,317,317,318,318,318,321,323,323,324,325,326,327,331,332,333,336,336,337,338,340,340,344,344,345,347,350,351,353,353,354,356,358,358,359,363,364,365,366,366,367,370,370,370,370,374,375,375,375,376,377,378,384,385,388,389,389,393,394,395,395,395,398,398,399,400,400,403,405,409,411,412,413,414,414,416,416,418,421,421,423,423,424,424,427,428,430,430,432,432,435,435,435,440,441,447,447,447,450,453,454,455,455,456,457,457,459,459,462,462,463,465,466,470,471,472,472,472,473,476,477,480,481,481,482,482,482,484,487,489,489,492,495,496,498,499],"Task1":[293.08666666666664,13942.561025641038],"Task15":[40544,145],"Task9":[43756,146]}