{"SortArray":[100,100,100,101,104,104,105,105,105,105,106,107,107,107,108,109,109,110,112,112,113,115,115,116,117,117,117,117,119,119,120,120,122,123,123,124,124,125,125,126,128,128,129,129,129,130,130,130,130,131,132,132,132,132,135,138,138,138,139,139,141,141,141,141,141,141,142,142,142,144,144,144,144,145,146,146,147,148,149,149,149,149,151,151,151,151,153,153,153,153,155,156,156,156,157,157,160,160,161,163,165,165,165,165,165,166,166,166,167,168,169,169,170,170,172,173,173,173,173,174,175,176,176,176,177,178,179,179,179,180,181,182,183,183,185,186,186,186,187,187,187,188,188,189,189,189,190,191,191,192,193,194,194,194,195,196,197,197,198,199,199,199,201,202,203,203,203,204,204,205,206,209,210,210,210,211,211,212,212,213,213,214,214,215,215,216,217,217,219,220,222,222,222,222,223,223,224,225,226,227,227,227,228,228,228,229,229,230,231,231,231,232,233,233,234,234,234,235,236,238,239,239,239,241,242,242,244,244,244,244,245,246,246,246,247,248,248,248,249,250,250,250,250,251,253,253,256,256,257,258,260,261,262,262,262,263,264,265,265,265,265,266,267,267,267,267,268,268,268,270,270,270,271,272,272,272,273,273,273,274,274,274,275,275,275,276,276,277,277,278,279,279,279,279,281,281,282,283,283,284,285,288,289,291,292,293,294,295,297,297,298,300,301,301,301,301,302,302,303,303,303,305,306,306,307,309,309,310,310,311,311,311,311,312,313,313,313,314,315,315,315,316,317,317,317,317,318,319,320,320,320,322,322,323,325,326,327,327,328,330,330,331,334,335,336,337,337,337,338,338,339,340,342,342,343,344,344,344,345,345,346,347,350,350,351,352,352,352,353,354,355,355,356,356,356,356,357,357,358,358,359,362,362,364,364,365,365,365,366,366,369,369,370,372,372,374,375,376,376,377,377,378,379,379,379,379,380,382,383,384,385,385,386,387,387,388,389,389,390,390,391,392,393,393,393,394,394,396,396,397,398,399,399,399,400,400,400,400,402,402,402,402,403,403,404,405,405,406,407,407,408,408,410,412,414,414,414,415,415,418,418,419,419,420,420,421,421,422,422,422,423,423,423,424,424,424,425,425,425,426,428,429,429,430,430,430,430,431,431,431,431,435,436,438,439,440,440,440,440,440,441,444,444,444,444,444,445,445,446,447,447,448,448,450,450,452,452,452,453,453,454,454,454,454,455,459,459,460,460,463,463,464,464,465,465,465,466,466,468,470,470,471,471,471,472,472,475,475,475,475,476,476,476,477,478,478,480,480,480,481,482,482,482,485,487,488,489,489,489,490,490,491,492,494,495,495,495,497,497,498],"Task1":[293.88666666666666,13277.476282693377],"Task15":[86666,301],"Task9":[88806,293]}